email,firstname,lastname,object_id
max.mustermann@web.de,Max,Musterm√§nnchen,45322820048
thai@hubspot.com,Thai,Hoang,45329223412
themaxi@gmail.com,Maxi,Musterfrau,45338281419
neo.neulich@mail.com,Neo,Neulich,45355361986
maxi123@web.de,Maxime,Mustermann,45366245570
maximusti123@gmail.com,Maxime,Musterfrau,45367348216
emil.emaillos@web.de,Emil,Emaillos,45968116949
frieda.freund@web.de,Frieda,Freund,45968568297
gustav.gans@gmx.de,Gustav,Gans,45975918781
ida.ines@web.de,Ida,Ines,46332788967
heinr.hei@web.de,Heinrich,Heine,46397272310
example@hubspot.com,Jane,Doe,209832010941
